exchange,band_usd,sent_btc,received_usdt,market_usdt,pct_below_market,checked_at_utc
ChangeNOW,200,0.00259,193.641232,199.98427295,3.1718,2026-09-13T04:41:02.553Z
SimpleSwap,200,0.00259,195.333354,199.98427295,2.3256,2026-09-13T04:41:19.612Z
ChangeHero,200,0.00259,198.38,199.98427295,0.8022,2026-09-13T04:41:39.782Z
ChangeNOW,1000,0.013,987.219893,1003.782065,1.6500,2026-09-13T04:41:50.567Z
SimpleSwap,1000,0.013,986.8392,1003.782065,1.6879,2026-09-13T04:41:54.982Z
ChangeHero,1000,0.013,996.136,1003.782065,0.7617,2026-09-13T04:42:07.670Z
ChangeNOW,200,0.00259,193.828157,200.20615824999996,3.1857,2026-09-13T06:17:05.433Z
SimpleSwap,200,0.00259,195.75316,200.20615824999996,2.2242,2026-09-13T06:17:16.841Z
ChangeHero,200,0.00259,198.594,200.20615824999996,0.8052,2026-09-13T06:17:26.365Z
ChangeNOW,1000,0.0129,980.692163,997.1658074999998,1.6520,2026-09-13T06:17:41.223Z
SimpleSwap,1000,0.0129,980.235611,997.1658074999998,1.6978,2026-09-13T06:17:42.018Z
ChangeHero,1000,0.0129,989.656,997.1658074999998,0.7531,2026-09-13T06:17:52.277Z
ChangeNOW,5000,0.0647,4937.939765,5001.288972499999,1.2667,2026-09-13T06:18:15.491Z
SimpleSwap,5000,0.0647,4924.034972,5001.288972499999,1.5447,2026-09-13T06:18:18.652Z
ChangeHero,5000,0.0647,4963.88,5001.288972499999,0.7480,2026-09-13T06:18:27.331Z
ChangeNOW,200,0.00259,193.521799,199.88826164999998,3.1850,2026-09-13T07:17:06.495Z
SimpleSwap,200,0.00259,195.71087,199.89618704999998,2.0937,2026-09-13T07:17:18.128Z
ChangeHero,200,0.00259,198.295,199.89618704999998,0.8010,2026-09-13T07:17:27.645Z
ChangeNOW,1000,0.013,986.676787,1003.3399349999999,1.6608,2026-09-13T07:17:41.507Z
SimpleSwap,1000,0.013,986.364704,1003.3399349999999,1.6919,2026-09-13T07:17:42.608Z
ChangeHero,1000,0.013,995.706,1003.3399349999999,0.7609,2026-09-13T07:17:53.531Z
ChangeNOW,5000,0.0648,4937.3304,5000.772492,1.2686,2026-09-13T07:18:15.725Z
SimpleSwap,5000,0.0648,4924.126961,5000.772492,1.5327,2026-09-13T07:18:18.997Z
ChangeHero,5000,0.0648,4962.94,5000.772492,0.7565,2026-09-13T07:18:28.534Z
ChangeNOW,200,0.0026,194.016668,200.37200299999998,3.1718,2026-09-13T08:17:06.251Z
SimpleSwap,200,0.0026,196.179479,200.37200299999998,2.0924,2026-09-13T08:17:18.442Z
ChangeHero,200,0.0026,198.714,200.34873299999998,0.8159,2026-09-13T08:17:28.026Z
ChangeNOW,1000,0.013,985.257314,1001.582205,1.6299,2026-09-13T08:17:42.155Z
SimpleSwap,1000,0.013,984.94672,1001.581555,1.6609,2026-09-13T08:17:43.081Z
ChangeHero,1000,0.013,993.749,1001.390065,0.7630,2026-09-13T08:17:54.299Z
ChangeNOW,5000,0.0649,4936.921479,4998.0791245,1.2236,2026-09-13T08:18:15.465Z
SimpleSwap,5000,0.0649,4921.215064,4998.0791245,1.5379,2026-09-13T08:18:19.687Z
ChangeHero,5000,0.0649,4960.37,4998.0791245,0.7545,2026-09-13T08:18:28.868Z
ChangeNOW,200,0.0026,193.268223,199.667767,3.2051,2026-09-13T09:17:05.917Z
SimpleSwap,200,0.0026,195.491707,199.667767,2.0915,2026-09-13T09:17:16.760Z
ChangeHero,200,0.0026,198.055,199.67226499999998,0.8100,2026-09-13T09:17:26.451Z
ChangeNOW,1000,0.013,981.877031,998.331295,1.6482,2026-09-13T09:17:42.685Z
SimpleSwap,1000,0.013,981.479712,998.331295,1.6880,2026-09-13T09:17:44.450Z
ChangeHero,1000,0.013,990.761,998.331295,0.7583,2026-09-13T09:17:52.259Z
ChangeNOW,5000,0.0651,4935.454402,5000.070925500001,1.2923,2026-09-13T09:18:15.554Z
SimpleSwap,5000,0.0651,4923.30072,5000.070925500001,1.5354,2026-09-13T09:18:20.248Z
ChangeHero,5000,0.0651,4962.58,5000.3664795,0.7557,2026-09-13T09:18:27.230Z
ChangeNOW,200,0.0026,193.333294,199.67998699999998,3.1784,2026-09-13T10:17:06.349Z
SimpleSwap,200,0.0026,195.499456,199.67998699999998,2.0936,2026-09-13T10:17:18.316Z
ChangeHero,200,0.0026,198.093,199.67998699999998,0.7948,2026-09-13T10:17:27.904Z
ChangeNOW,1000,0.013,981.959542,998.3999349999999,1.6467,2026-09-13T10:17:40.115Z
SimpleSwap,1000,0.013,981.539872,998.3999349999999,1.6887,2026-09-13T10:17:42.478Z
ChangeHero,1000,0.013,990.841,998.3999349999999,0.7571,2026-09-13T10:17:53.747Z
ChangeNOW,5000,0.0651,4936.549768,4999.179706500001,1.2528,2026-09-13T10:18:15.110Z
SimpleSwap,5000,0.0651,4922.915358,4999.179706500001,1.5255,2026-09-13T10:18:19.067Z
ChangeHero,5000,0.0651,4962.04,4999.179706500001,0.7429,2026-09-13T10:18:28.745Z
ChangeNOW,200,0.00261,193.479274,199.91400704999998,3.2188,2026-09-13T11:17:07.065Z
SimpleSwap,200,0.00261,195.730522,199.91400704999998,2.0926,2026-09-13T11:17:19.150Z
ChangeHero,200,0.00261,198.351,199.90706444999998,0.7784,2026-09-13T11:17:28.676Z
ChangeNOW,1000,0.0131,986.575162,1003.9221024999999,1.7279,2026-09-13T11:17:40.936Z
SimpleSwap,1000,0.0131,986.870641,1003.9059895,1.6969,2026-09-13T11:17:44.214Z
ChangeHero,1000,0.0131,996.424,1003.9152905000001,0.7462,2026-09-13T11:17:54.774Z
ChangeNOW,5000,0.0653,4938.436048,5002.523622500001,1.2811,2026-09-13T11:18:15.971Z
SimpleSwap,5000,0.0653,4925.689108,5002.690790500001,1.5392,2026-09-13T11:18:19.875Z
ChangeHero,5000,0.0653,4965.14,5002.919993499999,0.7552,2026-09-13T11:18:29.562Z
ChangeNOW,200,0.0026,193.465276,199.76542300000003,3.1538,2026-09-13T12:17:08.292Z
SimpleSwap,200,0.0026,195.608828,199.76542300000003,2.0807,2026-09-13T12:17:20.188Z
ChangeHero,200,0.0026,198.185,199.791189,0.8039,2026-09-13T12:17:29.816Z
ChangeNOW,1000,0.013,982.208254,998.9559449999999,1.6765,2026-09-13T12:17:41.985Z
SimpleSwap,1000,0.013,981.998884,998.9559449999999,1.6975,2026-09-13T12:17:46.741Z
ChangeHero,1000,0.013,991.367,998.9559449999999,0.7597,2026-09-13T12:17:55.644Z
ChangeNOW,5000,0.0651,4938.869466,5001.954919500001,1.2612,2026-09-13T12:18:18.131Z
SimpleSwap,5000,0.0651,4925.657771,5001.954919500001,1.5253,2026-09-13T12:18:21.719Z
ChangeHero,5000,0.0651,4964.25,5001.954919500001,0.7538,2026-09-13T12:18:30.615Z
ChangeNOW,200,0.00261,193.995374,200.34045494999998,3.1671,2026-09-13T13:17:06.467Z
SimpleSwap,200,0.00261,196.114276,200.34045494999998,2.1095,2026-09-13T13:17:17.149Z
ChangeHero,200,0.00261,198.69,200.29141305000002,0.7995,2026-09-13T13:17:26.724Z
ChangeNOW,1000,0.013,981.38395,997.4708249999999,1.6128,2026-09-13T13:17:40.426Z
SimpleSwap,1000,0.013,981.012512,997.4708249999999,1.6500,2026-09-13T13:17:43.037Z
ChangeHero,1000,0.013,989.86,997.4708249999999,0.7630,2026-09-13T13:17:52.615Z
ChangeNOW,5000,0.0651,4933.129876,4995.0269775,1.2392,2026-09-13T13:18:16.447Z
SimpleSwap,5000,0.0651,4918.332702,4995.0269775,1.5354,2026-09-13T13:18:18.725Z
ChangeHero,5000,0.0651,4957.21,4995.0269775,0.7571,2026-09-13T13:18:27.599Z
ChangeNOW,200,0.00259,193.283248,199.68901295,3.2079,2026-09-13T14:17:06.395Z
SimpleSwap,200,0.00259,195.507688,199.68901295,2.0939,2026-09-13T14:17:18.880Z
ChangeHero,200,0.00259,198.071,199.67642554999995,0.8040,2026-09-13T14:17:28.527Z
ChangeNOW,1000,0.013,985.40198,1001.847925,1.6416,2026-09-13T14:17:41.388Z
SimpleSwap,1000,0.013,985.38,1001.847925,1.6438,2026-09-13T14:17:42.695Z
ChangeHero,1000,0.013,994.334,1001.9480249999998,0.7599,2026-09-13T14:17:54.399Z
ChangeNOW,5000,0.0649,4940.311895,5002.032832499999,1.2339,2026-09-13T14:18:16.346Z
SimpleSwap,5000,0.0649,4925.49323,5002.032832499999,1.5302,2026-09-13T14:18:19.295Z
ChangeHero,5000,0.0649,4964.42,5002.032832499999,0.7520,2026-09-13T14:18:29.397Z
ChangeNOW,200,0.0026,194.138465,200.37777499999999,3.1138,2026-09-13T15:17:08.460Z
SimpleSwap,200,0.0026,196.175092,200.37777499999999,2.0974,2026-09-13T15:17:21.104Z
ChangeHero,200,0.0026,198.743,200.345431,0.7998,2026-09-13T15:17:30.711Z
ChangeNOW,1000,0.013,985.515674,1001.7270249999998,1.6183,2026-09-13T15:17:41.829Z
SimpleSwap,1000,0.013,984.975136,1001.7270249999998,1.6723,2026-09-13T15:17:44.748Z
ChangeHero,1000,0.013,994.089,1001.7020650000001,0.7600,2026-09-13T15:17:56.595Z
ChangeNOW,5000,0.0649,4938.474844,5000.5453245,1.2413,2026-09-13T15:18:17.725Z
SimpleSwap,5000,0.0649,4923.66384,4999.9359134999995,1.5255,2026-09-13T15:18:22.943Z
ChangeHero,5000,0.0649,4963.02,4999.9359134999995,0.7383,2026-09-13T15:18:31.614Z
ChangeNOW,200,0.00259,193.591663,199.93765295,3.1740,2026-09-13T16:17:07.703Z
SimpleSwap,200,0.00259,195.751526,199.93765295,2.0937,2026-09-13T16:17:21.535Z
ChangeHero,200,0.00259,198.341,199.93765295,0.7986,2026-09-13T16:17:31.307Z
ChangeNOW,1000,0.013,986.981083,1003.5593749999999,1.6519,2026-09-13T16:17:43.451Z
SimpleSwap,1000,0.013,986.6088,1003.5593749999999,1.6890,2026-09-13T16:17:45.799Z
ChangeHero,1000,0.013,995.936,1003.5593749999999,0.7596,2026-09-13T16:17:56.979Z
ChangeNOW,5000,0.0648,4939.007349,5002.3575,1.2664,2026-09-13T16:18:18.097Z
SimpleSwap,5000,0.0648,4925.204243,5002.430076,1.5438,2026-09-13T16:18:23.358Z
ChangeHero,5000,0.0648,4965.06,5002.430076,0.7470,2026-09-13T16:18:32.085Z
ChangeNOW,200,0.00258,193.28357,199.63184729999998,3.1800,2026-09-13T17:17:07.069Z
SimpleSwap,200,0.00258,195.44836,199.6300929,2.0947,2026-09-13T17:17:19.004Z
ChangeHero,200,0.00258,198.024,199.6300929,0.8045,2026-09-13T17:17:28.543Z
ChangeNOW,1000,0.0129,981.632269,997.8666645000001,1.6269,2026-09-13T17:17:39.846Z
SimpleSwap,1000,0.0129,981.183836,997.8666645000001,1.6718,2026-09-13T17:17:43.814Z
ChangeHero,1000,0.0129,990.343,997.7892645000001,0.7463,2026-09-13T17:17:54.704Z
ChangeNOW,5000,0.0646,4935.019244,4996.681123,1.2341,2026-09-13T17:18:15.078Z
SimpleSwap,5000,0.0646,4919.37976,4996.681123,1.5471,2026-09-13T17:18:20.215Z
ChangeHero,5000,0.0646,4959.18,4996.681123,0.7505,2026-09-13T17:18:29.461Z
ChangeNOW,200,0.00258,193.21299,199.64915909999996,3.2237,2026-09-13T18:17:06.089Z
SimpleSwap,200,0.00258,195.08336,199.64915909999996,2.2869,2026-09-13T18:17:18.517Z
ChangeHero,200,0.00258,198.042,199.64915909999996,0.8050,2026-09-13T18:17:27.995Z
ChangeNOW,1000,0.0129,981.755041,998.2020645,1.6477,2026-09-13T18:17:39.745Z
SimpleSwap,1000,0.0129,981.269053,998.2020645,1.6964,2026-09-13T18:17:42.601Z
ChangeHero,1000,0.0129,990.752,998.2020645,0.7463,2026-09-13T18:17:53.942Z
ChangeNOW,5000,0.0646,4935.622922,4998.618477,1.2603,2026-09-13T18:18:14.825Z
SimpleSwap,5000,0.0646,4921.28836,4998.618477,1.5470,2026-09-13T18:18:18.870Z
ChangeHero,5000,0.0646,4960.75,4998.618477,0.7576,2026-09-13T18:18:28.977Z
ChangeNOW,200,0.00259,193.777541,200.11097574999997,3.1650,2026-09-13T19:17:07.148Z
SimpleSwap,200,0.00259,195.921749,200.11097574999997,2.0935,2026-09-13T19:17:19.254Z
ChangeHero,200,0.00259,198.536,200.11097574999997,0.7871,2026-09-13T19:17:28.937Z
ChangeNOW,1000,0.0129,980.249841,996.6917324999998,1.6496,2026-09-13T19:17:40.206Z
SimpleSwap,1000,0.0129,979.769173,996.6917324999998,1.6979,2026-09-13T19:17:43.434Z
ChangeHero,1000,0.0129,989.249,996.6917324999998,0.7467,2026-09-13T19:17:54.719Z
ChangeNOW,5000,0.0647,4935.720647,4998.911247499998,1.2641,2026-09-13T19:18:16.303Z
SimpleSwap,5000,0.0647,4921.693262,4998.911247499998,1.5447,2026-09-13T19:18:20.135Z
ChangeHero,5000,0.0647,4961.98,4998.911247499998,0.7388,2026-09-13T19:18:29.730Z
ChangeNOW,200,0.00259,193.840477,200.20662445000002,3.1798,2026-09-13T20:17:06.637Z
SimpleSwap,200,0.00259,196.015947,200.20662445000002,2.0932,2026-09-13T20:17:18.660Z
ChangeHero,200,0.00259,198.596,200.20662445000002,0.8045,2026-09-13T20:17:28.275Z
ChangeNOW,1000,0.0129,980.630888,997.1681295000002,1.6584,2026-09-13T20:17:42.434Z
SimpleSwap,1000,0.0129,980.23793,997.1681295000002,1.6978,2026-09-13T20:17:43.974Z
ChangeHero,1000,0.0129,989.562,997.1681295000002,0.7628,2026-09-13T20:17:54.164Z
ChangeNOW,5000,0.0647,4937.632568,5001.3006185,1.2730,2026-09-13T20:18:18.463Z
SimpleSwap,5000,0.0647,4924.046442,5001.3006185,1.5447,2026-09-13T20:18:23.404Z
ChangeHero,5000,0.0647,4963.48,5001.305147499998,0.7563,2026-09-13T20:18:29.127Z
ChangeNOW,200,0.00258,193.248257,199.65666689999998,3.2097,2026-09-13T21:17:06.245Z
SimpleSwap,200,0.00258,195.474545,199.65666689999998,2.0947,2026-09-13T21:17:17.669Z
ChangeHero,200,0.00258,198.086,199.65666689999998,0.7867,2026-09-13T21:17:27.380Z
ChangeNOW,1000,0.0129,981.624707,998.2794645,1.6683,2026-09-13T21:17:40.230Z
SimpleSwap,1000,0.0129,981.331281,998.2794645,1.6977,2026-09-13T21:17:42.770Z
ChangeHero,1000,0.0129,990.697,998.1504645000001,0.7467,2026-09-13T21:17:53.126Z
ChangeNOW,5000,0.0646,4935.698046,4998.726359000001,1.2609,2026-09-13T21:18:15.394Z
SimpleSwap,5000,0.0646,4921.163028,4998.726359000001,1.5517,2026-09-13T21:18:19.098Z
ChangeHero,5000,0.0646,4961.02,4998.726359000001,0.7543,2026-09-13T21:18:28.120Z
ChangeNOW,200,0.0026,193.368248,199.810013,3.2239,2026-09-13T22:17:06.237Z
SimpleSwap,200,0.0026,195.626706,199.79685700000002,2.0872,2026-09-13T22:17:18.045Z
ChangeHero,200,0.0026,198.095,199.820413,0.8635,2026-09-13T22:17:27.661Z
ChangeNOW,1000,0.013,982.999537,998.772125,1.5792,2026-09-13T22:17:40.995Z
SimpleSwap,1000,0.013,982.18,998.686065,1.6528,2026-09-13T22:17:42.366Z
ChangeHero,1000,0.013,990.848,998.400065,0.7564,2026-09-13T22:17:53.465Z
ChangeNOW,5000,0.0651,4937.241102,4997.8575255000005,1.2128,2026-09-13T22:18:17.082Z
SimpleSwap,5000,0.0651,4922.53128,4997.5971255,1.5020,2026-09-13T22:18:19.977Z
ChangeHero,5000,0.0651,4957.51,4995.512623500001,0.7607,2026-09-13T22:18:28.465Z
ChangeNOW,200,0.00261,193.830741,200.09827305000002,3.1322,2026-09-13T23:17:05.921Z
SimpleSwap,200,0.00261,195.921536,200.09827305000002,2.0873,2026-09-13T23:17:17.528Z
ChangeHero,200,0.00261,198.439,200.10871305,0.8344,2026-09-13T23:17:27.094Z
ChangeNOW,1000,0.013,980.138128,996.450065,1.6370,2026-09-13T23:17:40.045Z
SimpleSwap,1000,0.013,979.8248,996.4760650000001,1.6710,2026-09-13T23:17:42.225Z
ChangeHero,1000,0.013,989.109,996.736065,0.7652,2026-09-13T23:17:53.066Z
ChangeNOW,5000,0.0652,4935.198184,4998.884325999999,1.2740,2026-09-13T23:18:16.090Z
SimpleSwap,5000,0.0652,4921.60912,4998.753925999999,1.5433,2026-09-13T23:18:18.803Z
ChangeHero,5000,0.0652,4959.79,4997.449926,0.7536,2026-09-13T23:18:28.022Z
ChangeNOW,200,0.0026,193.637446,199.94760499999995,3.1559,2026-09-14T00:17:06.287Z
SimpleSwap,200,0.0026,195.744538,199.94760499999995,2.1021,2026-09-14T00:17:20.636Z
ChangeHero,200,0.0026,198.318,199.929613,0.8061,2026-09-14T00:17:30.240Z
ChangeNOW,1000,0.013,983.329016,999.1023249999998,1.5787,2026-09-14T00:17:41.567Z
SimpleSwap,1000,0.013,982.857376,999.128065,1.6285,2026-09-14T00:17:42.999Z
ChangeHero,1000,0.013,991.739,999.274315,0.7541,2026-09-14T00:17:56.189Z
ChangeNOW,5000,0.065,4934.354765,4996.699825,1.2477,2026-09-14T00:18:17.430Z
SimpleSwap,5000,0.065,4920.10152,4996.699825,1.5330,2026-09-14T00:18:20.430Z
ChangeHero,5000,0.065,4957.17,4994.441725000001,0.7463,2026-09-14T00:18:31.142Z
ChangeNOW,200,0.00261,193.882706,200.11915305,3.1164,2026-09-14T01:17:06.596Z
SimpleSwap,200,0.00261,195.921401,200.10873915,2.0925,2026-09-14T01:17:18.793Z
ChangeHero,200,0.00261,198.496,200.10873915,0.8059,2026-09-14T01:17:28.394Z
ChangeNOW,1000,0.013,980.362536,996.5181849999999,1.6212,2026-09-14T01:17:40.561Z
SimpleSwap,1000,0.013,979.926083,996.5181849999999,1.6650,2026-09-14T01:17:43.185Z
ChangeHero,1000,0.013,989.342,996.892065,0.7574,2026-09-14T01:17:54.215Z
ChangeNOW,5000,0.0652,4934.772267,5000.4491259999995,1.3134,2026-09-14T01:18:15.751Z
SimpleSwap,5000,0.0652,4922.462981,5000.4491259999995,1.5596,2026-09-14T01:18:18.570Z
ChangeHero,5000,0.0652,4963.06,5000.5690939999995,0.7501,2026-09-14T01:18:29.211Z
ChangeNOW,200,0.00259,193.841577,200.15604175,3.1548,2026-09-14T02:17:07.676Z
SimpleSwap,200,0.00259,195.965958,200.15604175,2.0934,2026-09-14T02:17:21.503Z
ChangeHero,200,0.00259,198.606,200.15604175,0.7744,2026-09-14T02:17:31.186Z
ChangeNOW,1000,0.0129,980.591725,997.0535775000001,1.6510,2026-09-14T02:17:42.869Z
SimpleSwap,1000,0.0129,980.125012,997.0535775000001,1.6979,2026-09-14T02:17:44.269Z
ChangeHero,1000,0.0129,989.496,997.0535775000001,0.7580,2026-09-14T02:17:56.950Z
ChangeNOW,5000,0.0647,4937.672648,5000.7927235,1.2622,2026-09-14T02:18:18.507Z
SimpleSwap,5000,0.0647,4923.480608,5000.7927235,1.5460,2026-09-14T02:18:21.573Z
ChangeHero,5000,0.0647,4963.18,5000.9221234999995,0.7547,2026-09-14T02:18:32.002Z
ChangeNOW,200,0.00257,193.633706,199.92899945000002,3.1488,2026-09-14T03:17:06.191Z
SimpleSwap,200,0.00257,195.721193,199.92899945000002,2.1047,2026-09-14T03:17:22.087Z
ChangeHero,200,0.00257,198.333,199.90903054999995,0.7884,2026-09-14T03:17:31.655Z
ChangeNOW,1000,0.0129,986.945572,1003.1395395000001,1.6143,2026-09-14T03:17:42.844Z
SimpleSwap,1000,0.0129,986.475926,1003.1395395000001,1.6611,2026-09-14T03:17:44.310Z
ChangeHero,1000,0.0129,995.492,1003.1395395000001,0.7624,2026-09-14T03:17:57.550Z
ChangeNOW,5000,0.0643,4937.61922,5000.1451465,1.2505,2026-09-14T03:18:18.843Z
SimpleSwap,5000,0.0643,4923.214957,5000.1451465,1.5386,2026-09-14T03:18:22.276Z
ChangeHero,5000,0.0643,4962.68,5000.1451465,0.7493,2026-09-14T03:18:32.555Z
ChangeNOW,200,0.00258,193.73136,200.1386883,3.2014,2026-09-14T04:17:06.390Z
SimpleSwap,200,0.00258,195.948035,200.1386883,2.0939,2026-09-14T04:17:25.079Z
ChangeHero,200,0.00258,198.517,200.1386883,0.8103,2026-09-14T04:17:34.780Z
ChangeNOW,1000,0.0129,984.211529,1000.6934415000002,1.6470,2026-09-14T04:17:46.785Z
SimpleSwap,1000,0.0129,983.705874,1000.6934415000002,1.6976,2026-09-14T04:17:48.611Z
ChangeHero,1000,0.0129,993.033,1000.6934415000002,0.7655,2026-09-14T04:18:00.592Z
ChangeNOW,5000,0.0645,4939.830474,5003.467207500001,1.2719,2026-09-14T04:18:22.123Z
SimpleSwap,5000,0.0645,4926.720948,5003.467207500001,1.5339,2026-09-14T04:18:26.075Z
ChangeHero,5000,0.0645,4965.58,5003.467207500001,0.7572,2026-09-14T04:18:35.573Z
ChangeNOW,200,0.00258,193.921237,200.18394149999995,3.1285,2026-09-14T05:17:06.265Z
SimpleSwap,200,0.00258,195.982361,200.1736731,2.0938,2026-09-14T05:17:28.535Z
ChangeHero,200,0.00258,198.585,200.1736731,0.7936,2026-09-14T05:17:38.076Z
ChangeNOW,1000,0.0129,984.659888,1000.8683655000001,1.6194,2026-09-14T05:17:49.849Z
SimpleSwap,1000,0.0129,983.901509,1000.8683655000001,1.6952,2026-09-14T05:17:52.561Z
ChangeHero,1000,0.0129,993.139,1000.7289165000001,0.7584,2026-09-14T05:18:04.051Z
ChangeNOW,5000,0.0644,4933.206316,4995.886994,1.2546,2026-09-14T05:18:24.888Z
SimpleSwap,5000,0.0644,4919.138068,4995.886994,1.5362,2026-09-14T05:18:28.134Z
ChangeHero,5000,0.0644,4958.27,4995.2107940000005,0.7395,2026-09-14T05:18:39.009Z
ChangeNOW,200,0.00257,193.462858,199.82357804999995,3.1832,2026-09-14T06:17:06.279Z
SimpleSwap,200,0.00257,195.616203,199.82357804999995,2.1055,2026-09-14T06:17:18.156Z
ChangeHero,200,0.00257,198.209,199.80204145,0.7973,2026-09-14T06:17:27.675Z
ChangeNOW,1000,0.0129,986.434401,1002.8974065,1.6415,2026-09-14T06:17:40.901Z
SimpleSwap,1000,0.0129,985.954972,1002.8974065,1.6893,2026-09-14T06:17:42.602Z
ChangeHero,1000,0.0129,995.281,1002.8974065,0.7594,2026-09-14T06:17:53.625Z
ChangeNOW,5000,0.0643,4936.251861,4998.9382355,1.2540,2026-09-14T06:18:15.840Z
SimpleSwap,5000,0.0643,4922.026253,4998.9382355,1.5386,2026-09-14T06:18:19.048Z
ChangeHero,5000,0.0643,4961.3,4998.9382355,0.7529,2026-09-14T06:18:28.600Z
ChangeNOW,200,0.00257,193.22503,199.75313434999998,3.2681,2026-09-14T07:17:06.661Z
SimpleSwap,200,0.00257,195.568358,199.75313434999998,2.0950,2026-09-14T07:17:18.562Z
ChangeHero,200,0.00257,198.185,199.75313434999998,0.7850,2026-09-14T07:17:28.118Z
ChangeNOW,1000,0.0129,985.17787,1002.6519195000001,1.7428,2026-09-14T07:17:41.512Z
SimpleSwap,1000,0.0129,985.632784,1002.6519195000001,1.6974,2026-09-14T07:17:43.004Z
ChangeHero,1000,0.0129,995.061,1002.5522025,0.7472,2026-09-14T07:17:54.021Z
ChangeNOW,5000,0.0643,4931.971375,4996.3675215,1.2889,2026-09-14T07:18:16.325Z
SimpleSwap,5000,0.0643,4920.331542,4996.3675215,1.5218,2026-09-14T07:18:19.531Z
ChangeHero,5000,0.0643,4958.66,4996.3675215,0.7547,2026-09-14T07:18:29.046Z
ChangeNOW,200,0.00257,193.452585,199.73640365,3.1461,2026-09-14T08:17:06.833Z
SimpleSwap,200,0.00257,195.535149,199.73640365,2.1034,2026-09-14T08:17:19.260Z
ChangeHero,200,0.00257,198.098,199.71471284999998,0.8095,2026-09-14T08:17:28.818Z
ChangeNOW,1000,0.0129,986.3319,1002.3273555,1.5958,2026-09-14T08:17:40.323Z
SimpleSwap,1000,0.0129,985.524188,1002.2871074999998,1.6725,2026-09-14T08:17:43.055Z
ChangeHero,1000,0.0129,995.653,1003.2715065,0.7594,2026-09-14T08:17:54.760Z
ChangeNOW,5000,0.0643,4934.298446,4999.1118455,1.2965,2026-09-14T08:18:16.256Z
SimpleSwap,5000,0.0643,4923.562639,4999.1118455,1.5113,2026-09-14T08:18:19.643Z
ChangeHero,5000,0.0643,4961.86,4998.8552885,0.7401,2026-09-14T08:18:29.718Z
ChangeNOW,200,0.00257,193.257143,199.61191285,3.1836,2026-09-14T09:17:05.566Z
SimpleSwap,200,0.00257,195.418175,199.60075905,2.0955,2026-09-14T09:17:17.834Z
ChangeHero,200,0.00257,197.996,199.60075905,0.8040,2026-09-14T09:17:27.459Z
ChangeNOW,1000,0.0129,985.338407,1001.8000035000001,1.6432,2026-09-14T09:17:40.513Z
SimpleSwap,1000,0.0129,984.909,1001.7366645000001,1.6798,2026-09-14T09:17:42.298Z
ChangeHero,1000,0.0129,994.388,1001.9430645000001,0.7540,2026-09-14T09:17:53.293Z
ChangeNOW,5000,0.0644,4939.381245,5003.848766,1.2884,2026-09-14T09:18:14.844Z
SimpleSwap,5000,0.0644,4926.979919,5003.848766,1.5362,2026-09-14T09:18:18.244Z
ChangeHero,5000,0.0644,4966.07,5003.622722,0.7505,2026-09-14T09:18:28.268Z
ChangeNOW,200,0.00256,193.528434,199.77217280000002,3.1254,2026-09-14T10:17:06.761Z
SimpleSwap,200,0.00256,195.527486,199.749184,2.1135,2026-09-14T10:17:18.930Z
ChangeHero,200,0.00256,198.107,199.7128576,0.8041,2026-09-14T10:17:28.462Z
ChangeNOW,1000,0.0128,982.441922,998.4000640000002,1.5984,2026-09-14T10:17:40.032Z
SimpleSwap,1000,0.0128,981.7536,998.4256640000001,1.6698,2026-09-14T10:17:42.918Z
ChangeHero,1000,0.0128,990.994,998.553024,0.7570,2026-09-14T10:17:54.347Z
ChangeNOW,5000,0.0641,4938.552154,5001.955362500001,1.2676,2026-09-14T10:18:15.200Z
SimpleSwap,5000,0.0641,4923.394403,5001.955362500001,1.5706,2026-09-14T10:18:19.655Z
ChangeHero,5000,0.0641,4964.81,5001.955362500001,0.7426,2026-09-14T10:18:29.443Z
ChangeNOW,200,0.00257,193.517789,199.85274754999998,3.1698,2026-09-14T11:17:06.917Z
SimpleSwap,200,0.00257,195.669226,199.85274754999998,2.0933,2026-09-14T11:17:19.200Z
ChangeHero,200,0.00257,198.297,199.86891285,0.7865,2026-09-14T11:17:28.731Z
ChangeNOW,1000,0.0129,986.790608,1003.2330645000001,1.6389,2026-09-14T11:17:41.625Z
SimpleSwap,1000,0.0129,986.204219,1003.2330645000001,1.6974,2026-09-14T11:17:43.151Z
ChangeHero,1000,0.0129,995.787,1003.2893084999998,0.7478,2026-09-14T11:17:54.620Z
ChangeNOW,5000,0.0643,4936.997924,5001.060778499999,1.2810,2026-09-14T11:18:15.805Z
SimpleSwap,5000,0.0643,4924.116776,5001.9603355,1.5563,2026-09-14T11:18:19.662Z
ChangeHero,5000,0.0643,4964.36,5001.9603355,0.7517,2026-09-14T11:18:29.679Z
ChangeNOW,200,0.00257,193.71907,200.14572754999998,3.2110,2026-09-14T12:17:06.464Z
SimpleSwap,200,0.00257,195.975061,200.15675285,2.0892,2026-09-14T12:17:18.337Z
ChangeHero,200,0.00257,198.565,200.16703285,0.8003,2026-09-14T12:17:27.868Z
ChangeNOW,1000,0.0128,980.60069,997.1199359999999,1.6567,2026-09-14T12:17:41.000Z
SimpleSwap,1000,0.0128,979.630122,997.1199359999999,1.7540,2026-09-14T12:17:43.200Z
ChangeHero,1000,0.0128,989.82,997.273664,0.7474,2026-09-14T12:17:53.794Z
ChangeNOW,5000,0.0642,4937.580584,5001.961634999999,1.2871,2026-09-14T12:18:15.460Z
SimpleSwap,5000,0.0642,4924.886509,5001.961634999999,1.5409,2026-09-14T12:18:19.882Z
ChangeHero,5000,0.0642,4965.03,5001.961634999999,0.7383,2026-09-14T12:18:28.751Z
ChangeNOW,200,0.00257,193.496651,199.96657285,3.2355,2026-09-14T13:17:05.768Z
SimpleSwap,200,0.00257,195.758611,199.95865724999996,2.1005,2026-09-14T13:17:16.715Z
ChangeHero,200,0.00257,198.337,199.94657825,0.8050,2026-09-14T13:17:26.534Z
ChangeNOW,1000,0.0129,986.719355,1003.5942645,1.6814,2026-09-14T13:17:39.977Z
SimpleSwap,1000,0.0129,986.6616,1003.6716645,1.6948,2026-09-14T13:17:42.009Z
ChangeHero,1000,0.0129,996.657,1004.2711275,0.7582,2026-09-14T13:17:52.191Z
ChangeNOW,5000,0.0643,4938.630478,5004.9837215,1.3257,2026-09-14T13:18:15.688Z
SimpleSwap,5000,0.0643,4927.98054,5004.459033499999,1.5282,2026-09-14T13:18:18.885Z
ChangeHero,5000,0.0643,4966.84,5004.459033499999,0.7517,2026-09-14T13:18:27.187Z
ChangeNOW,200,0.00255,193.885718,200.21058525,3.1591,2026-09-14T14:17:06.539Z
SimpleSwap,200,0.00255,196.183567,200.21058525,2.0114,2026-09-14T14:17:19.194Z
ChangeHero,200,0.00255,198.796,200.38125675000003,0.7911,2026-09-14T14:17:28.724Z
ChangeNOW,1000,0.0127,980.690555,998.0460734999999,1.7389,2026-09-14T14:17:41.126Z
SimpleSwap,1000,0.0127,979.924375,998.1607544999998,1.8270,2026-09-14T14:17:43.090Z
ChangeHero,1000,0.0127,990.206,997.6911085,0.7502,2026-09-14T14:17:54.676Z
ChangeNOW,5000,0.0637,4940.375735,5002.2632205,1.2372,2026-09-14T14:18:16.365Z
SimpleSwap,5000,0.0637,4929.102336,5002.018612500001,1.4577,2026-09-14T14:18:19.386Z
ChangeHero,5000,0.0637,4964.64,5001.7453395,0.7418,2026-09-14T14:18:29.646Z
ChangeNOW,200,0.00255,193.7296,200.25722475,3.2596,2026-09-14T15:17:07.470Z
SimpleSwap,200,0.00255,196.20113,200.37391275000002,2.0825,2026-09-14T15:17:20.270Z
ChangeHero,200,0.00255,198.839,200.39905575,0.7785,2026-09-14T15:17:29.735Z
ChangeNOW,1000,0.0127,980.24625,998.1320525000001,1.7919,2026-09-14T15:17:41.768Z
SimpleSwap,1000,0.0127,980.15,998.1320525000001,1.8016,2026-09-14T15:17:44.155Z
ChangeHero,1000,0.0127,989.856,997.4143755,0.7578,2026-09-14T15:17:55.720Z
ChangeNOW,5000,0.0637,4943.143187,5002.3797915000005,1.1842,2026-09-14T15:18:16.558Z
SimpleSwap,5000,0.0637,4925.4722,5002.616118500001,1.5421,2026-09-14T15:18:20.487Z
ChangeHero,5000,0.0637,4964.29,5001.3395705,0.7408,2026-09-14T15:18:30.735Z
ChangeNOW,200,0.00254,193.262663,199.6490927,3.1988,2026-09-14T16:17:07.479Z
SimpleSwap,200,0.00254,195.393212,199.56801589999998,2.0919,2026-09-14T16:17:19.331Z
ChangeHero,200,0.00254,197.761,199.5525727,0.8978,2026-09-14T16:17:28.987Z
ChangeNOW,1000,0.0127,981.867188,997.8153145000001,1.5983,2026-09-14T16:17:41.272Z
SimpleSwap,1000,0.0127,981.025,997.8153145000001,1.6827,2026-09-14T16:17:46.142Z
ChangeHero,1000,0.0127,991.024,998.5756635,0.7562,2026-09-14T16:17:54.743Z
ChangeNOW,5000,0.0636,4933.991868,5005.574718000001,1.4301,2026-09-14T16:18:16.987Z
SimpleSwap,5000,0.0636,4927.099799,5008.149882,1.6184,2026-09-14T16:18:20.388Z
ChangeHero,5000,0.0636,4971.63,5009.135682,0.7487,2026-09-14T16:18:29.792Z
ChangeNOW,200,0.00254,193.896681,200.2862263,3.1902,2026-09-14T17:17:06.144Z
SimpleSwap,200,0.00254,196.086858,200.28625170000004,2.0967,2026-09-14T17:17:17.796Z
ChangeHero,200,0.00254,198.525,200.28409270000003,0.8783,2026-09-14T17:17:27.382Z
ChangeNOW,1000,0.0127,985.024365,1001.6947835000001,1.6642,2026-09-14T17:17:41.316Z
SimpleSwap,1000,0.0127,984.1605,1001.6947835000001,1.7505,2026-09-14T17:17:42.678Z
ChangeHero,1000,0.0127,993.988,1001.7083724999998,0.7707,2026-09-14T17:17:53.216Z
ChangeNOW,5000,0.0634,4936.527438,4999.217117,1.2540,2026-09-14T17:18:17.380Z
SimpleSwap,5000,0.0634,4923.434394,4999.217117,1.5159,2026-09-14T17:18:20.215Z
ChangeHero,5000,0.0634,4957.74,4995.207700999999,0.7501,2026-09-14T17:18:28.229Z
ChangeNOW,200,0.00254,194.061664,200.30944190000002,3.1191,2026-09-14T18:17:07.349Z
SimpleSwap,200,0.00254,195.872621,200.2990025,2.2099,2026-09-14T18:17:20.819Z
ChangeHero,200,0.00254,198.519,200.30944190000002,0.8938,2026-09-14T18:17:30.595Z
ChangeNOW,1000,0.0127,985.234551,1001.5472095,1.6287,2026-09-14T18:17:41.852Z
SimpleSwap,1000,0.0127,984.27475,1001.5472095,1.7246,2026-09-14T18:17:43.742Z
ChangeHero,1000,0.0127,994.01,1001.7374554999999,0.7714,2026-09-14T18:17:56.319Z
ChangeNOW,5000,0.0634,4936.434953,4999.471351,1.2609,2026-09-14T18:18:17.654Z
SimpleSwap,5000,0.0634,4923.577382,4999.471351,1.5180,2026-09-14T18:18:20.618Z
ChangeHero,5000,0.0634,4961.42,4999.083342999999,0.7534,2026-09-14T18:18:31.295Z
ChangeNOW,200,0.00253,193.804468,200.19046245000004,3.1900,2026-09-14T19:17:06.452Z
SimpleSwap,200,0.00253,195.720172,200.19046245000004,2.2330,2026-09-14T19:17:18.952Z
ChangeHero,200,0.00253,198.341,200.18373265000002,0.9205,2026-09-14T19:17:28.525Z
ChangeNOW,1000,0.0126,980.04438,996.7608630000001,1.6771,2026-09-14T19:17:42.010Z
SimpleSwap,1000,0.0126,979.670584,996.7608630000001,1.7146,2026-09-14T19:17:43.280Z
ChangeHero,1000,0.0126,989.108,996.8858549999999,0.7802,2026-09-14T19:17:54.971Z
ChangeNOW,5000,0.0632,4937.134352,5000.131516,1.2599,2026-09-14T19:18:16.222Z
SimpleSwap,5000,0.0632,4922.235446,5001.521916000001,1.5852,2026-09-14T19:18:20.188Z
ChangeHero,5000,0.0632,4964.54,5002.279684,0.7544,2026-09-14T19:18:29.441Z
ChangeNOW,200,0.00252,193.32297,199.86121260000002,3.2714,2026-09-14T20:17:06.728Z
SimpleSwap,200,0.00252,195.147006,199.8459162,2.3513,2026-09-14T20:17:17.399Z
ChangeHero,200,0.00252,198.119,199.85884380000002,0.8705,2026-09-14T20:17:26.921Z
ChangeNOW,1000,0.0126,982.671507,999.3816630000001,1.6720,2026-09-14T20:17:42.634Z
SimpleSwap,1000,0.0126,981.780444,999.7344630000001,1.7959,2026-09-14T20:17:43.732Z
ChangeHero,1000,0.0126,992.256,1000.0924290000002,0.7836,2026-09-14T20:17:52.943Z
ChangeNOW,5000,0.0631,4941.150638,5011.9064845,1.4118,2026-09-14T20:18:16.394Z
SimpleSwap,5000,0.0631,4931.150829,5012.0326845,1.6138,2026-09-14T20:18:19.983Z
ChangeHero,5000,0.0631,4971.75,5009.493540500001,0.7534,2026-09-14T20:18:27.884Z
ChangeNOW,200,0.00254,193.989132,200.3363151,3.1683,2026-09-14T21:17:06.172Z
SimpleSwap,200,0.00254,195.658506,200.3020759,2.3183,2026-09-14T21:17:20.072Z
ChangeHero,200,0.00254,198.428,200.20281270000004,0.8865,2026-09-14T21:17:29.691Z
ChangeNOW,1000,0.0127,985.1484,1001.0638474999998,1.5899,2026-09-14T21:17:43.048Z
SimpleSwap,1000,0.0127,984.407,1001.0638474999998,1.6639,2026-09-14T21:17:44.665Z
ChangeHero,1000,0.0127,993.473,1001.1448734999999,0.7663,2026-09-14T21:17:55.542Z
ChangeNOW,5000,0.0634,4937.203623,4997.949117,1.2154,2026-09-14T21:18:16.518Z
SimpleSwap,5000,0.0634,4920.997986,4997.949117,1.5397,2026-09-14T21:18:20.690Z
ChangeHero,5000,0.0634,4960.83,4998.954007,0.7626,2026-09-14T21:18:30.546Z
ChangeNOW,200,0.00254,193.82726,200.0973519,3.1335,2026-09-14T22:17:06.466Z
SimpleSwap,200,0.00254,195.330295,200.0973519,2.3824,2026-09-14T22:17:17.380Z
ChangeHero,200,0.00254,198.305,200.0783273,0.8863,2026-09-14T22:17:27.060Z
ChangeNOW,1000,0.0127,984.339778,1000.3790635,1.6033,2026-09-14T22:17:40.614Z
SimpleSwap,1000,0.0127,983.231,1000.3790635,1.7142,2026-09-14T22:17:42.769Z
ChangeHero,1000,0.0127,992.713,1000.3790635,0.7663,2026-09-14T22:17:52.797Z
ChangeNOW,5000,0.0635,4939.242098,5000.244317500001,1.2200,2026-09-14T22:18:15.792Z
SimpleSwap,5000,0.0635,4924.24421,4999.3591275,1.5025,2026-09-14T22:18:18.412Z
ChangeHero,5000,0.0635,4962.19,4999.3591275,0.7435,2026-09-14T22:18:27.828Z
ChangeNOW,200,0.00255,193.653384,200.00237775,3.1745,2026-09-14T23:17:05.596Z
SimpleSwap,200,0.00255,195.518152,199.99651275000002,2.2392,2026-09-14T23:17:17.351Z
ChangeHero,200,0.00255,198.159,199.96573425,0.9035,2026-09-14T23:17:26.823Z
ChangeNOW,1000,0.0127,979.637232,995.8579904999999,1.6288,2026-09-14T23:17:40.443Z
SimpleSwap,1000,0.0127,978.90375,995.8579904999999,1.7025,2026-09-14T23:17:41.783Z
ChangeHero,1000,0.0127,988.046,995.8579904999999,0.7844,2026-09-14T23:17:52.813Z
ChangeNOW,5000,0.0637,4932.889112,4994.830704500001,1.2401,2026-09-14T23:18:15.942Z
SimpleSwap,5000,0.0637,4918.055077,4994.830704500001,1.5371,2026-09-14T23:18:18.631Z
ChangeHero,5000,0.0637,4957.28,4994.830704500001,0.7518,2026-09-14T23:18:27.784Z
ChangeNOW,200,0.00256,193.625568,199.95641600000002,3.1661,2026-09-15T00:17:06.044Z
SimpleSwap,200,0.00256,195.502983,199.95641600000002,2.2272,2026-09-15T00:17:17.933Z
ChangeHero,200,0.00256,198.157,199.93713920000005,0.8903,2026-09-15T00:17:27.620Z
ChangeNOW,1000,0.0128,983.302496,999.6856960000001,1.6388,2026-09-15T00:17:39.878Z
SimpleSwap,1000,0.0128,982.660422,999.6856960000001,1.7031,2026-09-15T00:17:42.142Z
ChangeHero,1000,0.0128,991.936,999.6856960000001,0.7752,2026-09-15T00:17:53.403Z
ChangeNOW,5000,0.064,4935.446824,4998.4284800000005,1.2600,2026-09-15T00:18:15.640Z
SimpleSwap,5000,0.064,4921.170733,4998.4284800000005,1.5456,2026-09-15T00:18:19.335Z
ChangeHero,5000,0.064,4960.91,4997.8870400000005,0.7399,2026-09-15T00:18:28.358Z
ChangeNOW,200,0.00257,193.684307,200.14051044999997,3.2258,2026-09-15T01:17:06.431Z
SimpleSwap,200,0.00257,195.71071,200.16299794999998,2.2243,2026-09-15T01:17:17.936Z
ChangeHero,200,0.00257,198.381,200.16299794999998,0.8903,2026-09-15T01:17:27.495Z
ChangeNOW,1000,0.0128,980.238543,997.070016,1.6881,2026-09-15T01:17:40.229Z
SimpleSwap,1000,0.0128,979.733568,997.070016,1.7387,2026-09-15T01:17:42.685Z
ChangeHero,1000,0.0128,989.331,996.9814399999999,0.7674,2026-09-15T01:17:53.350Z
ChangeNOW,5000,0.0642,4936.608834,5000.180726999999,1.2714,2026-09-15T01:18:16.159Z
SimpleSwap,5000,0.0642,4924.172642,5000.180726999999,1.5201,2026-09-15T01:18:20.998Z
ChangeHero,5000,0.0642,4961.65,4999.706930999999,0.7612,2026-09-15T01:18:28.355Z
ChangeNOW,200,0.00256,193.234369,199.66053119999998,3.2185,2026-09-15T02:17:05.403Z
SimpleSwap,200,0.00256,195.175936,199.64504320000003,2.2385,2026-09-15T02:17:16.860Z
ChangeHero,200,0.00256,197.84,199.6178304,0.8906,2026-09-15T02:17:26.344Z
ChangeNOW,1000,0.0128,981.704777,998.258624,1.6583,2026-09-15T02:17:40.240Z
SimpleSwap,1000,0.0128,981.204114,998.258624,1.7084,2026-09-15T02:17:41.710Z
ChangeHero,1000,0.0128,990.188,997.9181440000002,0.7746,2026-09-15T02:17:52.322Z
ChangeNOW,5000,0.0641,4935.55132,4995.9914985,1.2098,2026-09-15T02:18:18.502Z
SimpleSwap,5000,0.0641,4920.383733,4995.9914985,1.5134,2026-09-15T02:18:25.618Z
ChangeHero,5000,0.0641,4958.9,4995.9914985,0.7424,2026-09-15T02:18:27.311Z
ChangeNOW,200,0.00257,193.374613,199.76158964999996,3.1973,2026-09-15T03:17:06.315Z
SimpleSwap,200,0.00257,195.157809,199.76158964999996,2.3046,2026-09-15T03:17:18.334Z
ChangeHero,200,0.00257,197.997,199.85896695,0.9316,2026-09-15T03:17:27.923Z
ChangeNOW,1000,0.0129,985.909189,1003.0247295000001,1.7064,2026-09-15T03:17:40.717Z
SimpleSwap,1000,0.0129,985.544381,1002.9878355,1.7391,2026-09-15T03:17:42.518Z
ChangeHero,1000,0.0129,995.154,1002.9878355,0.7810,2026-09-15T03:17:53.778Z
ChangeNOW,5000,0.0643,4934.974872,4998.1055504999995,1.2631,2026-09-15T03:18:15.882Z
SimpleSwap,5000,0.0643,4921.206129,4998.1055504999995,1.5386,2026-09-15T03:18:18.924Z
ChangeHero,5000,0.0643,4961,4998.1055504999995,0.7424,2026-09-15T03:18:28.826Z
ChangeNOW,200,0.00257,193.252671,199.61486835,3.1872,2026-09-15T04:17:05.853Z
SimpleSwap,200,0.00257,194.646236,199.61486835,2.4891,2026-09-15T04:17:17.187Z
ChangeHero,200,0.00257,197.782,199.57572724999994,0.8988,2026-09-15T04:17:26.638Z
ChangeNOW,1000,0.0129,985.562115,1001.6342385,1.6046,2026-09-15T04:17:40.714Z
SimpleSwap,1000,0.0129,984.934273,1001.6342385,1.6673,2026-09-15T04:17:42.060Z
ChangeHero,1000,0.0129,993.895,1001.6342385,0.7727,2026-09-15T04:17:52.605Z
ChangeNOW,5000,0.0644,4939.333353,4999.921009999999,1.2118,2026-09-15T04:18:15.524Z
SimpleSwap,5000,0.0644,4923.11386,4999.921009999999,1.5362,2026-09-15T04:18:18.669Z
ChangeHero,5000,0.0644,4962.95,5000.145122,0.7439,2026-09-15T04:18:27.652Z
ChangeNOW,200,0.00258,193.449028,199.6920129,3.1263,2026-09-15T05:17:06.396Z
SimpleSwap,200,0.00258,194.956858,199.6920129,2.3712,2026-09-15T05:17:18.036Z
ChangeHero,200,0.00258,197.826,199.6352529,0.9063,2026-09-15T05:17:27.589Z
ChangeNOW,1000,0.0129,982.347198,997.9352925000002,1.5620,2026-09-15T05:17:41.471Z
SimpleSwap,1000,0.0129,981.48,997.9352925000002,1.6489,2026-09-15T05:17:42.543Z
ChangeHero,1000,0.0129,989.841,997.4852115,0.7663,2026-09-15T05:17:53.522Z
ChangeNOW,5000,0.0646,4935.781956,4996.293523,1.2111,2026-09-15T05:18:16.612Z
SimpleSwap,5000,0.0646,4917.880236,4996.293523,1.5694,2026-09-15T05:18:19.362Z
ChangeHero,5000,0.0646,4960.26,4997.456323,0.7443,2026-09-15T05:18:28.488Z
ChangeNOW,200,0.00258,193.78494,200.1625533,3.1862,2026-09-15T06:17:08.176Z
SimpleSwap,200,0.00258,195.737671,200.1625533,2.2106,2026-09-15T06:17:20.473Z
ChangeHero,200,0.00258,198.362,200.1625533,0.8995,2026-09-15T06:17:30.014Z
ChangeNOW,1000,0.0129,984.288342,1000.9626645000001,1.6658,2026-09-15T06:17:42.551Z
SimpleSwap,1000,0.0129,983.796226,1000.9626645000001,1.7150,2026-09-15T06:17:44.457Z
ChangeHero,1000,0.0129,993.106,1000.9626645000001,0.7849,2026-09-15T06:17:55.922Z
ChangeNOW,5000,0.0644,4932.547866,4996.925122000001,1.2883,2026-09-15T06:18:17.852Z
SimpleSwap,5000,0.0644,4920.28742,4996.925122000001,1.5337,2026-09-15T06:18:20.905Z
ChangeHero,5000,0.0644,4959.83,4996.925122000001,0.7424,2026-09-15T06:18:30.924Z
ChangeNOW,200,0.00259,193.624996,199.93133335,3.1543,2026-09-15T07:17:05.894Z
SimpleSwap,200,0.00259,195.575724,199.93133335,2.1786,2026-09-15T07:17:20.259Z
ChangeHero,200,0.00259,198.206,199.99812945000002,0.8961,2026-09-15T07:17:29.940Z
ChangeNOW,1000,0.013,987.147722,1003.9903249999999,1.6776,2026-09-15T07:17:41.958Z
SimpleSwap,1000,0.013,986.951373,1003.9903249999999,1.6971,2026-09-15T07:17:43.169Z
ChangeHero,1000,0.013,996.235,1004.1520449999999,0.7884,2026-09-15T07:17:55.740Z
ChangeNOW,5000,0.0648,4937.993472,5006.0342519999995,1.3592,2026-09-15T07:18:16.896Z
SimpleSwap,5000,0.0648,4928.397796,5006.0342519999995,1.5509,2026-09-15T07:18:20.073Z
ChangeHero,5000,0.0648,4970.32,5007.507804000001,0.7426,2026-09-15T07:18:30.720Z
ChangeNOW,200,0.00261,193.886298,200.20690125,3.1570,2026-09-15T08:17:06.638Z
SimpleSwap,200,0.00261,195.552035,200.20690125,2.3250,2026-09-15T08:17:21.392Z
ChangeHero,200,0.00261,198.475,200.23227045,0.8776,2026-09-15T08:17:31.021Z
ChangeNOW,1000,0.013,980.844225,997.594065,1.6790,2026-09-15T08:17:44.124Z
SimpleSwap,1000,0.013,980.658824,997.594065,1.6976,2026-09-15T08:17:45.403Z
ChangeHero,1000,0.013,989.765,997.5759949999998,0.7830,2026-09-15T08:17:56.810Z
ChangeNOW,5000,0.0652,4938.004568,5002.962585999999,1.2984,2026-09-15T08:18:17.878Z
SimpleSwap,5000,0.0652,4925.720125,5002.074562,1.5265,2026-09-15T08:18:25.542Z
ChangeHero,5000,0.0652,4965.99,5003.227297999999,0.7443,2026-09-15T08:18:31.879Z
ChangeNOW,200,0.0026,193.708055,200.178875,3.2325,2026-09-15T09:17:06.609Z
SimpleSwap,200,0.0026,195.19593,200.17884899999996,2.4892,2026-09-15T09:17:22.308Z
ChangeHero,200,0.0026,198.302,200.139459,0.9181,2026-09-15T09:17:32.015Z
ChangeNOW,1000,0.013,983.745476,1000.506065,1.6752,2026-09-15T09:17:44.097Z
SimpleSwap,1000,0.013,983.995936,1000.506065,1.6502,2026-09-15T09:17:45.323Z
ChangeHero,1000,0.013,992.539,1000.5496150000001,0.8006,2026-09-15T09:17:57.782Z
ChangeNOW,5000,0.0649,4930.450386,4994.3986454999995,1.2804,2026-09-15T09:18:18.409Z
SimpleSwap,5000,0.0649,4918.07084,4993.9261735,1.5190,2026-09-15T09:18:22.501Z
ChangeHero,5000,0.0649,4955.23,4993.795724500001,0.7723,2026-09-15T09:18:32.807Z
ChangeNOW,200,0.00259,193.13724,199.62276074999997,3.2489,2026-09-15T11:17:06.375Z
SimpleSwap,200,0.00259,194.720728,199.62276074999997,2.4556,2026-09-15T11:17:18.852Z
ChangeHero,200,0.00259,197.831,199.63721295,0.9047,2026-09-15T11:17:28.879Z
ChangeNOW,1000,0.013,984.713221,1002.231035,1.7479,2026-09-15T11:17:40.597Z
SimpleSwap,1000,0.013,985.220797,1002.231035,1.6972,2026-09-15T11:17:42.667Z
ChangeHero,1000,0.013,994.519,1002.2481949999999,0.7712,2026-09-15T11:17:54.540Z
ChangeNOW,5000,0.0649,4937.231772,5004.1803735,1.3379,2026-09-15T11:18:15.985Z
SimpleSwap,5000,0.0649,4926.50828,5004.1810225,1.5522,2026-09-15T11:18:19.202Z
ChangeHero,5000,0.0649,4964.32,5001.708332499999,0.7475,2026-09-15T11:18:29.324Z
ChangeNOW,200,0.0026,193.581282,200.10685499999997,3.2610,2026-09-15T12:17:06.175Z
SimpleSwap,200,0.0026,195.558907,200.093075,2.2660,2026-09-15T12:17:17.707Z
ChangeHero,200,0.0026,198.278,200.093075,0.9071,2026-09-15T12:17:27.333Z
ChangeNOW,1000,0.013,983.606328,1000.465375,1.6851,2026-09-15T12:17:41.084Z
SimpleSwap,1000,0.013,983.641376,1000.465375,1.6816,2026-09-15T12:17:42.276Z
ChangeHero,1000,0.013,992.672,1000.5342749999998,0.7858,2026-09-15T12:17:53.180Z
ChangeNOW,5000,0.065,4937.701734,5003.1549749999995,1.3082,2026-09-15T12:18:15.975Z
SimpleSwap,5000,0.065,4926.459346,5003.1549749999995,1.5329,2026-09-15T12:18:18.881Z
ChangeHero,5000,0.065,4964.41,5002.600525,0.7634,2026-09-15T12:18:28.178Z
ChangeNOW,200,0.0026,193.756794,200.194813,3.2159,2026-09-15T13:17:06.467Z
SimpleSwap,200,0.0026,195.98514,200.194813,2.1028,2026-09-15T13:17:18.857Z
ChangeHero,200,0.0026,198.39,200.17437699999996,0.8914,2026-09-15T13:17:28.492Z
ChangeNOW,1000,0.013,984.000427,1000.8718849999998,1.6857,2026-09-15T13:17:40.509Z
SimpleSwap,1000,0.013,984.0744,1000.8718849999998,1.6783,2026-09-15T13:17:42.626Z
ChangeHero,1000,0.013,992.957,1000.8718849999998,0.7908,2026-09-15T13:17:54.341Z
ChangeNOW,5000,0.0649,4931.7418,4994.4447245,1.2555,2026-09-15T13:18:15.514Z
SimpleSwap,5000,0.0649,4919.709748,4993.9261735,1.4861,2026-09-15T13:18:22.816Z
ChangeHero,5000,0.0649,4956.05,4994.1663035,0.7632,2026-09-15T13:18:29.309Z
ChangeNOW,200,0.00262,193.968329,200.0047347,3.0181,2026-09-15T14:17:06.316Z
SimpleSwap,200,0.00262,195.808188,199.99509310000002,2.0935,2026-09-15T14:17:18.224Z
ChangeHero,200,0.00262,198.211,199.9924731,0.8908,2026-09-15T14:17:27.785Z
ChangeNOW,1000,0.0131,983.703392,999.8811455,1.6180,2026-09-15T14:17:40.983Z
SimpleSwap,1000,0.0131,982.853999,999.8236365000001,1.6973,2026-09-15T14:17:42.490Z
ChangeHero,1000,0.0131,992.194,1000.0802655000001,0.7886,2026-09-15T14:17:53.691Z
ChangeNOW,5000,0.0655,4935.544726,4999.4502675,1.2783,2026-09-15T14:18:16.031Z
SimpleSwap,5000,0.0655,4923.32242,5000.008327500001,1.5337,2026-09-15T14:18:19.364Z
ChangeHero,5000,0.0655,4961.57,4999.973612500001,0.7681,2026-09-15T14:18:28.686Z
ChangeNOW,200,0.00263,193.309311,199.90094795,3.2975,2026-09-15T15:17:07.665Z
SimpleSwap,200,0.00263,195.724751,199.90310455,2.0902,2026-09-15T15:17:24.966Z
ChangeHero,200,0.00263,198.122,199.90633945,0.8926,2026-09-15T15:17:34.665Z
ChangeNOW,1000,0.0132,986.478114,1004.05965,1.7510,2026-09-15T15:17:47.567Z
SimpleSwap,1000,0.0132,986.976141,1004.0113379999999,1.6967,2026-09-15T15:17:49.382Z
ChangeHero,1000,0.0132,995.82,1003.912866,0.8061,2026-09-15T15:18:01.988Z
ChangeNOW,5000,0.0658,4936.691696,5003.580379,1.3368,2026-09-15T15:18:21.759Z
SimpleSwap,5000,0.0658,4926.074088,5004.149549,1.5602,2026-09-15T15:18:25.500Z
ChangeHero,5000,0.0658,4966.89,5005.143129,0.7643,2026-09-15T15:18:35.450Z
ChangeNOW,200,0.00262,193.57666,200.0331355,3.2277,2026-09-15T16:17:07.071Z
SimpleSwap,200,0.00262,195.909404,200.0331355,2.0615,2026-09-15T16:17:18.800Z
ChangeHero,200,0.00262,198.231,200.09108989999996,0.9296,2026-09-15T16:17:28.410Z
ChangeNOW,1000,0.0131,983.378784,1000.4470655000001,1.7061,2026-09-15T16:17:41.834Z
SimpleSwap,1000,0.0131,983.489913,1000.4694665,1.6972,2026-09-15T16:17:43.502Z
ChangeHero,1000,0.0131,993.086,1000.8399345,0.7747,2026-09-15T16:17:54.317Z
ChangeNOW,5000,0.0655,4936.553966,5004.9286875,1.3661,2026-09-15T16:18:16.816Z
SimpleSwap,5000,0.0655,4928.031004,5004.9286875,1.5364,2026-09-15T16:18:20.343Z
ChangeHero,5000,0.0655,4967.11,5005.1821725,0.7607,2026-09-15T16:18:29.234Z
ChangeNOW,200,0.00262,193.458394,199.87237230000002,3.2090,2026-09-15T17:17:07.095Z
SimpleSwap,200,0.00262,195.690547,199.87237230000002,2.0922,2026-09-15T17:17:18.869Z
ChangeHero,200,0.00262,198.11,199.8909481,0.8910,2026-09-15T17:17:28.561Z
ChangeNOW,1000,0.0131,982.831848,999.5300655000001,1.6706,2026-09-15T17:17:41.319Z
SimpleSwap,1000,0.0131,982.604364,999.4514655000002,1.6856,2026-09-15T17:17:43.450Z
ChangeHero,1000,0.0131,991.439,999.3281945000001,0.7894,2026-09-15T17:17:54.617Z
ChangeNOW,5000,0.0655,4934.375472,4996.6409725,1.2461,2026-09-15T17:18:16.105Z
SimpleSwap,5000,0.0655,4919.6189,4996.6409725,1.5415,2026-09-15T17:18:19.007Z
ChangeHero,5000,0.0655,4957.23,4995.5870775,0.7678,2026-09-15T17:18:29.344Z
ChangeNOW,200,0.00261,194.216532,200.16151335,2.9701,2026-09-15T18:17:05.569Z
SimpleSwap,200,0.00261,195.916108,200.17017854999997,2.1252,2026-09-15T18:17:17.274Z
ChangeHero,200,0.00261,198.247,200.10195315,0.9270,2026-09-15T18:17:26.957Z
ChangeNOW,1000,0.013,980.63378,996.0488849999998,1.5476,2026-09-15T18:17:40.782Z
SimpleSwap,1000,0.013,980.134944,995.836595,1.5767,2026-09-15T18:17:41.984Z
ChangeHero,1000,0.013,987.563,995.4439949999999,0.7917,2026-09-15T18:17:52.789Z
ChangeNOW,5000,0.0652,4937.529322,4988.197394,1.0158,2026-09-15T18:18:15.885Z
SimpleSwap,5000,0.0652,4913.61048,4989.234726,1.5157,2026-09-15T18:18:18.631Z
ChangeHero,5000,0.0652,4957.66,4996.276326,0.7729,2026-09-15T18:18:27.748Z
